{
    "FM1 _x": {
        "mean": -0.11311863311684053,
        "std": 0.3615564496492217
    },
    "FM2 _x": {
        "mean": 0.11097657929113444,
        "std": 0.18858914032526167
    },
    "FM3 _x": {
        "mean": -0.052391904045274086,
        "std": 0.2471444472565833
    },
    "FF1 _x": {
        "mean": -0.14426333250622034,
        "std": 0.21638619939390014
    },
    "FF2 _x": {
        "mean": 0.13374477958775563,
        "std": 0.16406417800026052
    },
    "FF3_x": {
        "mean": 0.095394949732636,
        "std": 0.05274580089339154
    },
    "FM1 _y": {
        "mean": 0.10099392723979767,
        "std": 0.157220014220389
    },
    "FM2 _y": {
        "mean": 0.09595668749535873,
        "std": 0.13997481769570863
    },
    "FM3 _y": {
        "mean": 0.01628884062383953,
        "std": 0.16032979399884797
    },
    "FF1 _y": {
        "mean": 0.26120995075191056,
        "std": 0.1553570348087791
    },
    "FF2 _y": {
        "mean": 0.08350277700994255,
        "std": 0.15956407924797103
    },
    "FF3_y": {
        "mean": 0.09261695236586744,
        "std": 0.09301432475829499
    }
}